donor_id,donor_name,donor_email,donor_gender,donor_address,donation_amount
1789371708,,,,,78.53
9528008062,Paton Soanes,psoanes1@clickbank.net,Male,06 Logan Avenue,2.04
9620593235,Royce Dawdary,rdawdary2@si.edu,Male,6563 Sloan Circle,33.43
0725137614,Daisy Terbeek,dterbeek3@apache.org,Female,71 Rieder Pass,97.55
9719675640,Vittoria Huntriss,vhuntriss4@squidoo.com,Female,946 Red Cloud Alley,99.17
9926037240,Dorita Sowood,dsowood5@soup.io,Female,1 Emmet Terrace,93.64
4817431075,Bondie Ravens,bravens6@discuz.net,Male,316 Hayes Trail,57.27
7504754005,,,,,84.29
8640385912,Lev Scobie,lscobie8@yolasite.com,Male,0084 Pleasure Terrace,59.9
8942148662,Stavro Issacson,sissacson9@auda.org.au,Male,920 Grover Road,68.03
4189306339,Maura Heis,mheisa@sciencedirect.com,Female,5 Memorial Park,19.92
1240145535,Michael Nevin,mnevinb@cnn.com,Male,7389 Dunning Pass,59.56
9919710253,Tamas De Vries,tdec@lulu.com,Male,163 Nova Trail,16.63
4819071505,Goran Marchment,gmarchmentd@nps.gov,Male,1 Jenna Terrace,71.58
0244386943,Towny Dannohl,tdannohle@nymag.com,Male,29 Stone Corner Point,93.61
0261388940,Martguerita Halsall,mhalsallf@nydailynews.com,Female,6 Waywood Terrace,89.15
0309221374,Dulcea Klimkovich,dklimkovichg@nationalgeographic.com,Female,1855 Kensington Alley,42.34
5246648591,Caryl Alliot,callioth@etsy.com,Male,01313 Dayton Way,22.44
2879920191,Wallie Crownshaw,wcrownshawi@shop-pro.jp,Male,0503 Orin Junction,49.34
1260082644,Elladine Eskrick,eeskrickj@slideshare.net,Female,0 Surrey Road,12.33
4868424475,Gusella Bucklee,gbuckleek@virginia.edu,Female,9493 Manitowish Junction,88.38
1412111234,Archer Blencoe,ablencoel@umich.edu,Male,421 Bayside Point,55.42
4679394927,Alysa Guitt,aguittm@nydailynews.com,Female,4784 Barby Pass,49.38
1941057276,Lizette Pedersen,lpedersenn@tumblr.com,Female,94 Fairfield Alley,80.15
4384064314,Martainn Zanutti,mzanuttio@sbwire.com,Male,877 Sachtjen Hill,27.12
2810404216,Giacomo Calderon,gcalderonp@bloglines.com,Male,01 Oxford Avenue,48.07
0080008461,,,,,66.69
1119941296,Simmonds Bluck,sbluckr@walmart.com,Male,2617 Becker Avenue,74.34
7876555705,Pat Thaw,pthaws@usatoday.com,Male,2 Lien Trail,3.38
8437812496,Ferdy Kilgallen,fkilgallent@bluehost.com,Male,420 Esch Avenue,17.32
2208430840,Gabrielle Cowlishaw,gcowlishawu@marketwatch.com,Female,88051 Nova Plaza,70.57
9774063139,Ronald Fairnington,rfairningtonv@amazon.co.jp,Male,4728 Armistice Circle,12.97
2117115934,,,,,5.13
4309627102,,,,,91.44
8975826872,Christan Byham,cbyhamy@topsy.com,Female,6 Cascade Trail,36.26
3208990537,Melinde Mulvagh,mmulvaghz@ezinearticles.com,Female,3353 Stephen Way,3.55
6733819449,Koralle Nelthorp,knelthorp10@newsvine.com,Female,8 Hooker Way,98.24
1710373423,Hubert Janata,hjanata11@symantec.com,Male,2095 Hoard Crossing,63.21
4928759966,Brittne Berthomier,bberthomier12@desdev.cn,Female,51957 Gina Avenue,65.54
3262783846,Jillene Grigorescu,jgrigorescu13@cloudflare.com,Female,928 Brentwood Street,88.61
3240332302,Vivyan Duffyn,vduffyn14@spiegel.de,Female,86 Blackbird Avenue,77.68
0768494788,Ellery Inchan,einchan15@photobucket.com,Male,64187 Karstens Drive,29.39
5783393258,Maryanne Summerlie,msummerlie16@prlog.org,Female,9 Mallard Avenue,41.51
0713085665,,,,,64.63
5230235780,Derrik Levine,dlevine18@latimes.com,Male,9061 Sage Drive,8.41
9438844732,,,,,97.26
4750373125,Janette Duiguid,jduiguid1a@mail.ru,Female,4 Stone Corner Avenue,72.44
8511673717,Mollee Hammerson,mhammerson1b@creativecommons.org,Female,32 Scoville Pass,23.08
9384002801,Marshal Wrixon,mwrixon1c@about.com,Male,4 Dahle Court,12.05
7729019922,Adam Tregido,atregido1d@sphinn.com,Male,8 Larry Lane,27.91
